{
   "midwest":{
      "1":{
         "name":"Virginia",
         "round1":0.9684248,
         "round5":0.0,
         "round3":0.8199409,
         "round6":0.0,
         "round2":0.7598725,
         "adjEM":25.98,
         "seed":1,
         "round4":0.850429
      },
      "2":{
         "name":"Michigan St.",
         "round1":0.9292782,
         "round5":0.0,
         "round3":0.0,
         "round6":0.0,
         "round2":0.0,
         "adjEM":26.72,
         "seed":2,
         "round4":0.0
      },
      "3":{
         "name":"Utah",
         "round1":0.786888,
         "round5":0.0,
         "round3":0.0,
         "round6":0.0,
         "round2":0.6261229,
         "adjEM":23.83,
         "seed":3,
         "round4":0.0
      },
      "4":{
         "name":"Iowa St.",
         "round1":0.5954874,
         "round5":0.0,
         "round3":0.1800481,
         "round6":0.0,
         "round2":0.5669673,
         "adjEM":24.22,
         "seed":4,
         "round4":0.0
      },
      "5":{
         "name":"Purdue",
         "round1":0.7720797,
         "round5":0.0,
         "round3":0.0,
         "round6":0.0,
         "round2":0.0,
         "adjEM":23.11,
         "seed":5,
         "round4":0.0
      },
      "6":{
         "name":"Seton Hall",
         "round1":0.5729759,
         "round5":0.0,
         "round3":0.0,
         "round6":0.0,
         "round2":0.0,
         "adjEM":19.59,
         "seed":6,
         "round4":0.0
      },
      "7":{
         "name":"Dayton",
         "round1":0.6030331,
         "round5":0.0,
         "round3":0.0,
         "round6":0.0,
         "round2":0.0,
         "adjEM":22.62,
         "seed":7,
         "round4":0.0
      },
      "8":{
         "name":"Texas Tech",
         "round1":0.3500986,
         "round5":0.0,
         "round3":0.0,
         "round6":0.0,
         "round2":0.0,
         "adjEM":16.96,
         "seed":8,
         "round4":0.0
      },
      "9":{
         "name":"Butler",
         "round1":0.6499019,
         "round5":0.0,
         "round3":0.0,
         "round6":0.0,
         "round2":0.2401251,
         "adjEM":14.98,
         "seed":9,
         "round4":0.0
      },
      "10":{
         "name":"Syracuse",
         "round1":0.3969484,
         "round5":0.1537767,
         "round3":0.3077053,
         "round6":0.0,
         "round2":0.6374107,
         "adjEM":22.1,
         "seed":10,
         "round4":0.149566
      },
      "11":{
         "name":"Gonzaga",
         "round1":0.4270222,
         "round5":0.0,
         "round3":0.6922884,
         "round6":0.0,
         "round2":0.3738419,
         "adjEM":15.62,
         "seed":11,
         "round4":0.0
      },
      "12":{
         "name":"Arkansas Little Rock",
         "round1":0.2279181,
         "round5":0.0,
         "round3":0.0,
         "round6":0.0,
         "round2":0.4330297,
         "adjEM":13.34,
         "seed":12,
         "round4":0.0
      },
      "13":{
         "name":"Iona",
         "round1":0.4045187,
         "round5":0.0,
         "round3":0.0,
         "round6":0.0,
         "round2":0.0,
         "adjEM":11.88,
         "seed":13,
         "round4":0.0
      },
      "14":{
         "name":"Fresno St.",
         "round1":0.4045187,
         "round5":0.0,
         "round3":0.0,
         "round6":0.0,
         "round2":0.0,
         "adjEM":11.88,
         "seed":14,
         "round4":0.0
      },
      "15":{
         "name":"Middle Tennessee",
         "round1":0.0707187,
         "round5":0.0,
         "round3":0.0,
         "round6":0.0,
         "round2":0.3626017,
         "adjEM":0.58,
         "seed":15,
         "round4":0.0
      },
      "16":{
         "name":"Hampton",
         "round5":0.0,
         "round3":0.0,
         "round6":0.0,
         "round2":0.0,
         "adjEM":11.88,
         "seed":16,
         "round4":0.0
      }
   },
   "east":{
      "1":{
         "name":"North Carolina",
         "round1":0.9706233,
         "round5":0.8462233,
         "round3":0.6138573,
         "round6":0.4376999,
         "round2":0.8193519,
         "adjEM":30.78,
         "seed":1,
         "round4":0.8039506
      },
      "2":{
         "name":"Xavier",
         "round1":0.8981093,
         "round5":0.0,
         "round3":0.0,
         "round6":0.0,
         "round2":0.6326752,
         "adjEM":11.88,
         "seed":2,
         "round4":0.0
      },
      "3":{
         "name":"West Virginia",
         "round1":0.6530862,
         "round5":0.0,
         "round3":0.0,
         "round6":0.0,
         "round2":0.0,
         "adjEM":11.88,
         "seed":3,
         "round4":0.0
      },
      "4":{
         "name":"Kentucky",
         "round1":0.8018637,
         "round5":0.0,
         "round3":0.0,
         "round6":0.0,
         "round2":0.5077435,
         "adjEM":11.88,
         "seed":4,
         "round4":0.0
      },
      "5":{
         "name":"Indiana",
         "round1":0.8096809,
         "round5":0.0,
         "round3":0.3861535,
         "round6":0.0,
         "round2":0.4922435,
         "adjEM":26.67,
         "seed":5,
         "round4":0.0
      },
      "6":{
         "name":"Notre Dame",
         "round1":0.562428,
         "round5":0.0,
         "round3":0.372933,
         "round6":0.0,
         "round2":0.3827423,
         "adjEM":25.27,
         "seed":6,
         "round4":0.1960552
      },
      "7":{
         "name":"Wisconsin",
         "round1":0.7241255,
         "round5":0.0,
         "round3":0.6270677,
         "round6":0.0,
         "round2":0.3673286,
         "adjEM":17.03,
         "seed":7,
         "round4":0.0
      },
      "8":{
         "name":"USC",
         "round1":0.3953876,
         "round5":0.0,
         "round3":0.0,
         "round6":0.0,
         "round2":0.0,
         "adjEM":22.29,
         "seed":8,
         "round4":0.0
      },
      "9":{
         "name":"Providence",
         "round1":0.6045867,
         "round5":0.0,
         "round3":0.0,
         "round6":0.0,
         "round2":0.1806444,
         "adjEM":14.94,
         "seed":9,
         "round4":0.0
      },
      "10":{
         "name":"Pittsburgh",
         "round1":0.2758734,
         "round5":0.0,
         "round3":0.0,
         "round6":0.0,
         "round2":0.0,
         "adjEM":22.29,
         "seed":10,
         "round4":0.0
      },
      "11":{
         "name":"Michigan",
         "round1":0.4375884,
         "round5":0.0,
         "round3":0.0,
         "round6":0.0,
         "round2":0.0,
         "adjEM":22.29,
         "seed":11,
         "round4":0.0
      },
      "12":{
         "name":"Chattanooga",
         "round1":0.1903304,
         "round5":0.0,
         "round3":0.0,
         "round6":0.0,
         "round2":0.0,
         "adjEM":22.29,
         "seed":12,
         "round4":0.0
      },
      "13":{
         "name":"Stony Brook",
         "round1":0.1981278,
         "round5":0.0,
         "round3":0.0,
         "round6":0.0,
         "round2":0.0,
         "adjEM":22.29,
         "seed":13,
         "round4":0.0
      },
      "14":{
         "name":"SF Austin",
         "round1":0.3469426,
         "round5":0.0,
         "round3":0.0,
         "round6":0.0,
         "round2":0.6172895,
         "adjEM":7.32,
         "seed":14,
         "round4":0.0
      },
      "15":{
         "name":"Weber St.",
         "round1":0.101889,
         "round5":0.0,
         "round3":0.0,
         "round6":0.0,
         "round2":0.0,
         "adjEM":22.29,
         "seed":15,
         "round4":0.0
      },
      "16":{
         "name":"Florida Gulf Coast",
         "round1":0.029372,
         "round5":0.0,
         "round3":0.0,
         "round6":0.0,
         "round2":0.0,
         "adjEM":22.29,
         "seed":16,
         "round4":0.0
      }
   },
   "south":{
      "1":{
         "name":"Kansas",
         "round1":0.9858628,
         "round5":0.0,
         "round3":0.8639983,
         "round6":0.0,
         "round2":0.8586275,
         "adjEM":28.01,